{"cameraMode":{"drawMode":0,"name":"Shaded","section":"Shading Mode"},"sceneLighting":true,"audioPlay":false,"sceneViewState":{"showFog":true,"showMaterialUpdate":false,"showSkybox":true,"showFlares":true,"showImageEffects":true,"showParticleSystems":true},"in2DMode":false,"pivot":{"x":-9.316792488098145,"y":15.747926712036133,"z":22.37730598449707},"rotation":{"x":0.26559481024742129,"y":0.002855877159163356,"z":-0.000898963597137481,"w":0.9641342163085938},"size":93.9742431640625,"orthographic":true}