{"cameraMode":{"drawMode":0,"name":"Shaded","section":"Shading Mode"},"sceneLighting":true,"audioPlay":false,"sceneViewState":{"showFog":true,"showMaterialUpdate":false,"showSkybox":true,"showFlares":true,"showImageEffects":true,"showParticleSystems":true},"in2DMode":false,"pivot":{"x":-7.188487529754639,"y":1.675318956375122,"z":-0.1464850902557373},"rotation":{"x":0.032312050461769107,"y":-0.9146758317947388,"z":0.07451625168323517,"w":0.3960300087928772},"size":107.81172180175781,"orthographic":true}