{"cameraMode":{"drawMode":0,"name":"Shaded","section":"Shading Mode"},"sceneLighting":true,"audioPlay":false,"sceneViewState":{"showFog":true,"showMaterialUpdate":false,"showSkybox":true,"showFlares":true,"showImageEffects":true,"showParticleSystems":true},"in2DMode":false,"pivot":{"x":-7.188487529754639,"y":1.675318956375122,"z":-0.1464850902557373},"rotation":{"x":-0.07202732563018799,"y":0.6841729879379273,"z":-0.06813240051269531,"w":-0.7225821018218994},"size":5.875464916229248,"orthographic":true}