{"cameraMode":{"drawMode":0,"name":"Shaded","section":"Shading Mode"},"sceneLighting":true,"audioPlay":false,"sceneViewState":{"showFog":true,"showMaterialUpdate":false,"showSkybox":true,"showFlares":true,"showImageEffects":true,"showParticleSystems":true},"in2DMode":false,"pivot":{"x":-10.486896514892579,"y":4.367934226989746,"z":-2.732633590698242},"rotation":{"x":-0.1524873673915863,"y":0.7799386382102966,"z":-0.20854754745960236,"w":-0.570086658000946},"size":74.59408569335938,"orthographic":true}