{"cameraMode":{"drawMode":0,"name":"Shaded","section":"Shading Mode"},"sceneLighting":true,"audioPlay":false,"sceneViewState":{"showFog":true,"showMaterialUpdate":false,"showSkybox":true,"showFlares":true,"showImageEffects":true,"showParticleSystems":true},"in2DMode":false,"pivot":{"x":-16.547801971435548,"y":9.06531810760498,"z":-41.88795471191406},"rotation":{"x":0.008149147033691407,"y":-0.6625154614448547,"z":0.0070989616215229038,"w":0.7490217685699463},"size":65.74788665771485,"orthographic":true}