{"cameraMode":{"drawMode":0,"name":"Shaded","section":"Shading Mode"},"sceneLighting":true,"audioPlay":false,"sceneViewState":{"showFog":true,"showMaterialUpdate":false,"showSkybox":true,"showFlares":true,"showImageEffects":true,"showParticleSystems":true},"in2DMode":false,"pivot":{"x":-10.486896514892579,"y":4.367934226989746,"z":-2.732633590698242},"rotation":{"x":-0.07202732563018799,"y":0.6841729879379273,"z":-0.06813240051269531,"w":-0.7225821018218994},"size":12.730867385864258,"orthographic":true}