{"cameraMode":{"drawMode":0,"name":"Shaded","section":"Shading Mode"},"sceneLighting":true,"audioPlay":false,"sceneViewState":{"showFog":true,"showMaterialUpdate":false,"showSkybox":true,"showFlares":true,"showImageEffects":true,"showParticleSystems":true},"in2DMode":false,"pivot":{"x":-0.8713275194168091,"y":-0.3691716194152832,"z":0.47688642144203188},"rotation":{"x":-0.1074419692158699,"y":-0.5483379364013672,"z":0.07130526751279831,"w":-0.8262619972229004},"size":101.8797607421875,"orthographic":true}